Source Row,DATE,AIRLINE_NAME,O_CITY,O_STATE,D_CITY,D_STATE,SCHEDULED_DEPARTURE,DEPARTURE_TIME,DEPARTURE_DELAY,SCHEDULED_TIME,ELAPSED_TIME,AIR_TIME,DISTANCE,ARRIVAL_DELAY,CANCELLED,DIVERTED
2511,2015-5-31,American Airlines Inc.,New York,NY,Miami,FL,1930,926.0,836.0,199,228.0,159.0,1089,865.0,0,0
260,2015-9-25,Delta Air Lines Inc.,Boston,MA,Atlanta,GA,715,1940.0,745.0,173,164.0,137.0,946,736.0,0,0
3448,2015-1-20,Delta Air Lines Inc.,Tampa,FL,Atlanta,GA,830,1559.0,449.0,104,89.0,72.0,406,434.0,0,0
677,2015-7-21,Atlantic Southeast Airlines,Richmond,VA,New York,NY,1030,1614.0,344.0,84,172.0,48.0,292,432.0,0,0
4121,2015-5-31,Delta Air Lines Inc.,Atlanta,GA,Nashville,TN,2300,608.0,428.0,64,53.0,36.0,214,417.0,0,0
4273,2015-12-24,Delta Air Lines Inc.,Santa Ana,CA,Atlanta,GA,1250,2011.0,441.0,246,215.0,194.0,1919,410.0,0,0
1870,2015-6-26,Southwest Airlines Co.,Atlanta,GA,Minneapolis,MN,1340,1959.0,379.0,165,147.0,120.0,907,361.0,0,0
3418,2015-12-27,Skywest Airlines Inc.,Dallas-Fort Worth,TX,Chicago,IL,707,1223.0,316.0,142,156.0,104.0,802,330.0,0,0
2744,2015-8-11,American Airlines Inc.,Newark,NJ,Dallas-Fort Worth,TX,1805,1.0,356.0,235,206.0,189.0,1372,327.0,0,0
704,2015-4-27,Atlantic Southeast Airlines,Dallas-Fort Worth,TX,Brownsville,TX,855,1403.0,308.0,100,98.0,80.0,482,306.0,0,0
180,2015-6-23,American Airlines Inc.,Newark,NJ,Dallas-Fort Worth,TX,500,1014.0,314.0,223,206.0,176.0,1372,297.0,0,0
4216,2015-12-18,Skywest Airlines Inc.,Eugene,OR,San Francisco,CA,1400,1813.0,253.0,92,134.0,104.0,451,295.0,0,0
3245,2015-1-12,Southwest Airlines Co.,Detroit,MI,Atlanta,GA,1600,2048.0,288.0,125,118.0,96.0,594,281.0,0,0
2589,2015-1-12,Atlantic Southeast Airlines,White Plains,NY,Atlanta,GA,1230,1650.0,260.0,146,160.0,139.0,780,274.0,0,0
1445,2015-6-18,Atlantic Southeast Airlines,Covington,KY,Houston,TX,1857,2319.0,262.0,148,149.0,125.0,871,263.0,0,0
2752,2015-12-28,American Airlines Inc.,Austin,TX,Chicago,IL,1455,1646.0,111.0,163,313.0,122.0,977,261.0,0,0
1906,2015-11-18,Skywest Airlines Inc.,Denver,CO,Montrose,CO,1850,2246.0,236.0,59,48.0,36.0,196,225.0,0,0
1357,2015-5-1,Southwest Airlines Co.,Oakland,CA,Kansas City,MO,1000,1341.0,221.0,200,199.0,183.0,1489,220.0,0,0
3868,2015-12-14,Skywest Airlines Inc.,Minneapolis,MN,Rapid City,SD,905,1249.0,224.0,119,115.0,73.0,489,220.0,0,0
4161,2015-12-25,Skywest Airlines Inc.,Minneapolis,MN,Aberdeen,SD,924,1304.0,220.0,89,79.0,55.0,257,210.0,0,0
1089,2015-11-3,Southwest Airlines Co.,Boston,MA,Austin,TX,1300,1658.0,238.0,290,261.0,226.0,1698,209.0,0,0
4009,2015-1-7,American Airlines Inc.,Detroit,MI,Miami,FL,640,1000.0,200.0,199,204.0,154.0,1145,205.0,0,0
3541,2015-12-1,Delta Air Lines Inc.,Minneapolis,MN,St Louis,MO,1500,1801.0,181.0,89,112.0,66.0,448,204.0,0,0
2858,2015-12-13,American Airlines Inc.,Chicago,IL,Dallas-Fort Worth,TX,1825,2202.0,217.0,157,142.0,115.0,802,202.0,0,0
444,2015-4-14,Skywest Airlines Inc.,Kalispell,MT,Salt Lake City,UT,1733,2047.0,194.0,91,94.0,80.0,531,197.0,0,0
659,2015-2-2,Atlantic Southeast Airlines,Detroit,MI,Jacksonville,FL,1546,1918.0,212.0,145,126.0,105.0,813,193.0,0,0
198,2015-3-29,American Airlines Inc.,Dallas-Fort Worth,TX,Kahului,HI,1050,1423.0,213.0,502,481.0,463.0,3711,192.0,0,0
1136,2015-2-8,Skywest Airlines Inc.,Boise,ID,San Francisco,CA,1745,2019.0,154.0,110,147.0,133.0,522,191.0,0,0
779,2015-11-3,American Airlines Inc.,Dallas-Fort Worth,TX,Austin,TX,830,1132.0,182.0,57,62.0,35.0,190,187.0,0,0
2960,2015-5-27,Delta Air Lines Inc.,Atlanta,GA,Philadelphia,PA,1400,1628.0,148.0,135,174.0,143.0,666,187.0,0,0
122,2015-8-7,Southwest Airlines Co.,Phoenix,AZ,Tulsa,OK,1930,2241.0,191.0,135,130.0,115.0,935,186.0,0,0
1009,2015-12-28,Atlantic Southeast Airlines,Atlanta,GA,Tallahassee,FL,912,1206.0,174.0,66,76.0,45.0,223,184.0,0,0
4118,2015-5-2,Southwest Airlines Co.,Las Vegas,NV,Ontario,CA,1915,2210.0,175.0,50,56.0,36.0,197,181.0,0,0
75,2015-4-10,Delta Air Lines Inc.,New York,NY,Miami,FL,1535,1840.0,185.0,207,202.0,165.0,1089,180.0,0,0
1851,2015-8-14,American Airlines Inc.,Philadelphia,PA,Orlando,FL,2050,15.0,205.0,154,128.0,108.0,861,179.0,0,0
304,2015-11-30,Southwest Airlines Co.,St Louis,MO,Phoenix,AZ,900,1205.0,185.0,210,203.0,187.0,1262,178.0,0,0
2190,2015-7-15,Skywest Airlines Inc.,Palm Springs,CA,Phoenix,AZ,1025,1319.0,174.0,66,68.0,48.0,261,176.0,0,0
1041,2015-6-16,American Airlines Inc.,Chicago,IL,Dallas-Fort Worth,TX,1425,1651.0,146.0,150,178.0,149.0,802,174.0,0,0
2958,2015-3-23,United Air Lines Inc.,Chicago,IL,San Diego,CA,1627,1927.0,180.0,270,263.0,240.0,1723,173.0,0,0
2056,2015-2-3,Atlantic Southeast Airlines,Wilkes-Barre/Scranton,PA,Atlanta,GA,630,921.0,171.0,148,149.0,109.0,714,172.0,0,0
2917,2015-7-30,Delta Air Lines Inc.,Tampa,FL,New York,NY,1525,1814.0,169.0,164,167.0,139.0,1010,172.0,0,0
1813,2015-12-24,Delta Air Lines Inc.,Atlanta,GA,Norfolk,VA,1414,1700.0,166.0,92,95.0,76.0,516,169.0,0,0
55,2015-6-10,Southwest Airlines Co.,Chicago,IL,Nashville,TN,2130,2330.0,120.0,80,128.0,97.0,395,168.0,0,0
4034,2015-9-10,Southwest Airlines Co.,Atlanta,GA,Kansas City,MO,2040,2335.0,175.0,135,126.0,105.0,692,166.0,0,0
1066,2015-9-24,United Air Lines Inc.,New Orleans,LA,San Francisco,CA,1800,2100.0,180.0,285,267.0,252.0,1911,162.0,0,0
459,2015-7-19,Skywest Airlines Inc.,Los Angeles,CA,Colorado Springs,CO,1757,2050.0,173.0,143,129.0,107.0,833,159.0,0,0
2937,2015-6-28,Delta Air Lines Inc.,Oakland,CA,Salt Lake City,UT,1639,1932.0,173.0,104,90.0,77.0,588,159.0,0,0
1328,2015-4-9,American Airlines Inc.,Miami,FL,Chicago,IL,820,1050.0,150.0,203,209.0,185.0,1197,156.0,0,0
2789,2015-3-31,Delta Air Lines Inc.,Atlanta,GA,Rochester,NY,2109,2355.0,166.0,129,119.0,102.0,749,156.0,0,0
3915,2015-5-30,Atlantic Southeast Airlines,Dallas-Fort Worth,TX,Lafayette,LA,1355,1628.0,153.0,84,85.0,57.0,351,154.0,0,0
823,2015-4-17,Southwest Airlines Co.,Dallas,TX,Denver,CO,2225,129.0,184.0,125,94.0,81.0,651,153.0,0,0
1824,2015-11-25,Skywest Airlines Inc.,Butte,MT,Salt Lake City,UT,635,856.0,141.0,82,93.0,56.0,358,152.0,0,0
1262,2015-11-21,American Airlines Inc.,Dallas-Fort Worth,TX,Chicago,IL,1900,1916.0,16.0,149,283.0,105.0,802,150.0,0,0
3810,2015-5-31,United Air Lines Inc.,Newark,NJ,Denver,CO,634,924.0,170.0,259,239.0,207.0,1605,150.0,0,0
1082,2015-12-12,Southwest Airlines Co.,Denver,CO,Indianapolis,IN,1050,1322.0,152.0,140,137.0,113.0,977,149.0,0,0
2218,2015-7-28,Atlantic Southeast Airlines,Indianapolis,IN,Newark,NJ,1611,1857.0,166.0,125,108.0,93.0,645,149.0,0,0
2249,2015-8-20,American Airlines Inc.,Boston,MA,Charlotte,NC,1910,2149.0,159.0,144,132.0,112.0,728,147.0,0,0
1245,2015-11-4,Southwest Airlines Co.,Santa Ana,CA,Sacramento,CA,1640,1906.0,146.0,90,89.0,75.0,404,145.0,0,0
3225,2015-7-20,Delta Air Lines Inc.,Salt Lake City,UT,Los Angeles,CA,2154,2336.0,102.0,121,164.0,96.0,590,145.0,0,0
578,2015-9-14,Atlantic Southeast Airlines,Springfield,MO,Atlanta,GA,1810,2044.0,154.0,98,87.0,73.0,563,143.0,0,0
2300,2015-4-25,Atlantic Southeast Airlines,Dallas-Fort Worth,TX,Columbia,SC,1825,2111.0,166.0,148,125.0,107.0,922,143.0,0,0
4011,2015-3-26,Atlantic Southeast Airlines,Birmingham,AL,New York,NY,1603,1756.0,113.0,147,175.0,105.0,866,141.0,0,0
4239,2015-8-13,Skywest Airlines Inc.,Salt Lake City,UT,Boise,ID,2003,2210.0,127.0,71,84.0,43.0,290,140.0,0,0
2230,2015-3-23,United Air Lines Inc.,Las Vegas,NV,Chicago,IL,1040,1225.0,105.0,219,253.0,175.0,1514,139.0,0,0
2808,2015-8-3,American Airlines Inc.,Phoenix,AZ,Denver,CO,1855,2117.0,142.0,110,107.0,83.0,602,139.0,0,0
1805,2015-6-21,Delta Air Lines Inc.,Tampa,FL,New York,NY,1857,2134.0,157.0,184,164.0,130.0,1005,137.0,0,0
2306,2015-7-18,Skywest Airlines Inc.,Los Angeles,CA,Oakland,CA,2045,2304.0,139.0,85,83.0,51.0,337,137.0,0,0
1476,2015-4-13,Skywest Airlines Inc.,Denver,CO,Springfield,MO,1010,1219.0,129.0,109,116.0,83.0,637,136.0,0,0
2117,2015-9-4,Skywest Airlines Inc.,Minneapolis,MN,Boise,ID,907,1129.0,142.0,188,182.0,149.0,1142,136.0,0,0
2131,2015-8-1,United Air Lines Inc.,Houston,TX,Austin,TX,1920,2142.0,142.0,55,49.0,25.0,140,136.0,0,0
502,2015-2-26,American Airlines Inc.,New York,NY,Los Angeles,CA,1730,1954.0,144.0,394,385.0,338.0,2475,135.0,0,0
2996,2015-5-27,Southwest Airlines Co.,Atlanta,GA,Kansas City,MO,1525,1754.0,149.0,135,121.0,101.0,692,135.0,0,0
112,2015-8-19,Atlantic Southeast Airlines,Atlanta,GA,Bristol,TN,1406,1527.0,81.0,62,115.0,38.0,227,134.0,0,0
3283,2015-3-24,American Airlines Inc.,Dallas-Fort Worth,TX,Pensacola,FL,1325,1554.0,149.0,108,90.0,76.0,604,131.0,0,0
3717,2015-2-28,Atlantic Southeast Airlines,Allentown,PA,Atlanta,GA,1400,1613.0,133.0,138,135.0,115.0,692,130.0,0,0
3845,2015-6-8,American Airlines Inc.,Chicago,IL,Tucson,AZ,2010,2225.0,135.0,222,217.0,182.0,1437,130.0,0,0
888,2015-7-9,Skywest Airlines Inc.,Bemidji,MN,Minneapolis,MN,1244,1510.0,146.0,69,52.0,35.0,199,129.0,0,0
3761,2015-6-11,American Airlines Inc.,San Francisco,CA,Chicago,IL,500,721.0,141.0,254,242.0,214.0,1846,129.0,0,0
4324,2015-6-18,United Air Lines Inc.,Denver,CO,Los Angeles,CA,800,1025.0,145.0,149,133.0,110.0,862,129.0,0,0
1416,2015-7-12,American Airlines Inc.,Las Vegas,NV,Los Angeles,CA,1600,1803.0,123.0,75,80.0,44.0,236,128.0,0,0
3851,2015-8-1,Southwest Airlines Co.,Spokane,WA,Chicago,IL,1525,1753.0,148.0,205,185.0,171.0,1511,128.0,0,0
1653,2015-7-14,Delta Air Lines Inc.,Baltimore,MD,Detroit,MI,1727,1827.0,60.0,95,162.0,131.0,409,127.0,0,0
3563,2015-5-27,United Air Lines Inc.,San Francisco,CA,Honolulu,HI,1125,1324.0,119.0,322,330.0,298.0,2398,127.0,0,0
4215,2015-6-16,United Air Lines Inc.,Denver,CO,Chantilly,VA,1255,1516.0,141.0,205,191.0,166.0,1452,127.0,0,0
2234,2015-4-10,Southwest Airlines Co.,Denver,CO,San Jose,CA,2110,2323.0,133.0,150,143.0,128.0,948,126.0,0,0
892,2015-4-4,United Air Lines Inc.,Phoenix,AZ,Denver,CO,1257,1519.0,142.0,107,90.0,71.0,602,125.0,0,0
4068,2015-12-27,American Airlines Inc.,Los Angeles,CA,Nashville,TN,39,228.0,109.0,236,252.0,231.0,1797,125.0,0,0
1628,2015-6-1,Atlantic Southeast Airlines,Milwaukee,WI,Newark,NJ,2019,2217.0,118.0,130,136.0,106.0,725,124.0,0,0
4152,2015-11-21,Delta Air Lines Inc.,Detroit,MI,Norfolk,VA,2001,2128.0,87.0,114,151.0,75.0,529,124.0,0,0
2170,2015-1-6,Southwest Airlines Co.,Chicago,IL,Des Moines,IA,2115,2323.0,128.0,80,75.0,62.0,306,123.0,0,0
84,2015-12-27,American Airlines Inc.,Denver,CO,Dallas-Fort Worth,TX,1915,2114.0,119.0,117,120.0,90.0,641,122.0,0,0
4220,2015-7-21,American Airlines Inc.,New York,NY,Miami,FL,1935,2142.0,127.0,196,191.0,140.0,1096,122.0,0,0
1873,2015-1-3,United Air Lines Inc.,Denver,CO,Austin,TX,2005,2214.0,129.0,123,115.0,97.0,775,121.0,0,0
2067,2015-3-23,United Air Lines Inc.,New York,NY,Chicago,IL,800,805.0,5.0,162,278.0,147.0,733,121.0,0,0
754,2015-11-11,Southwest Airlines Co.,Charleston,SC,Nashville,TN,1810,2011.0,121.0,95,94.0,75.0,439,120.0,0,0
2052,2015-5-23,United Air Lines Inc.,Billings,MT,Denver,CO,1320,1441.0,81.0,90,129.0,109.0,455,120.0,0,0
1042,2015-12-20,Skywest Airlines Inc.,Salt Lake City,UT,Reno,NV,1059,1251.0,112.0,96,103.0,80.0,422,119.0,0,0
1814,2015-12-25,American Airlines Inc.,New York,NY,Charlotte,NC,1705,1828.0,83.0,129,165.0,122.0,541,119.0,0,0
2600,2015-8-13,Southwest Airlines Co.,Houston,TX,Panama City,FL,1030,1240.0,130.0,95,84.0,75.0,571,119.0,0,0
1682,2015-12-7,American Airlines Inc.,Los Angeles,CA,San Francisco,CA,1815,2026.0,131.0,83,70.0,54.0,337,118.0,0,0
2114,2015-7-6,American Airlines Inc.,Dallas-Fort Worth,TX,Indianapolis,IN,2015,2217.0,122.0,135,131.0,111.0,761,118.0,0,0
11,2015-12-30,Southwest Airlines Co.,Boston,MA,Indianapolis,IN,1925,2128.0,123.0,175,168.0,148.0,818,116.0,0,0
1261,2015-1-8,American Airlines Inc.,Arlington,VA,Dallas-Fort Worth,TX,844,1107.0,143.0,231,204.0,174.0,1192,116.0,0,0
1063,2015-6-27,Southwest Airlines Co.,Phoenix,AZ,El Paso,TX,2020,2224.0,124.0,70,61.0,48.0,347,115.0,0,0
4256,2015-12-15,Southwest Airlines Co.,Detroit,MI,Denver,CO,1625,1827.0,122.0,200,193.0,162.0,1123,115.0,0,0
1552,2015-5-14,United Air Lines Inc.,Denver,CO,Minneapolis,MN,2010,2044.0,34.0,113,193.0,88.0,680,114.0,0,0
1800,2015-6-11,United Air Lines Inc.,Houston,TX,Orlando,FL,1550,1750.0,120.0,150,144.0,124.0,854,114.0,0,0
2347,2015-8-1,Southwest Airlines Co.,Atlanta,GA,Pittsburgh,PA,2010,2214.0,124.0,105,95.0,71.0,526,114.0,0,0
2667,2015-6-23,Southwest Airlines Co.,Dallas,TX,Arlington,VA,1810,1959.0,109.0,175,180.0,162.0,1184,114.0,0,0
562,2015-1-3,American Airlines Inc.,Miami,FL,Denver,CO,2115,2309.0,114.0,269,268.0,240.0,1709,113.0,0,0
3144,2015-3-8,Atlantic Southeast Airlines,Houston,TX,Midland,TX,1735,1940.0,125.0,90,78.0,65.0,429,113.0,0,0
3531,2015-5-24,Atlantic Southeast Airlines,McAllen,TX,Houston,TX,1621,1822.0,121.0,73,65.0,47.0,316,113.0,0,0
1248,2015-3-13,Atlantic Southeast Airlines,Little Rock,AR,Houston,TX,912,1109.0,117.0,95,90.0,68.0,374,112.0,0,0
3062,2015-12-14,Atlantic Southeast Airlines,Columbus,OH,Newark,NJ,1946,2041.0,55.0,105,162.0,99.0,463,112.0,0,0
48,2015-2-3,American Airlines Inc.,Boston,MA,Chicago,IL,1658,1816.0,78.0,177,210.0,145.0,867,111.0,0,0
471,2015-4-23,Southwest Airlines Co.,Baltimore,MD,Manchester,NH,2055,2252.0,117.0,80,74.0,60.0,377,111.0,0,0
3224,2015-4-25,Southwest Airlines Co.,Los Angeles,CA,Las Vegas,NV,1700,1848.0,108.0,65,68.0,54.0,236,111.0,0,0
2076,2015-7-8,United Air Lines Inc.,Chantilly,VA,Las Vegas,NV,805,1014.0,129.0,304,284.0,258.0,2065,109.0,0,0
2933,2015-2-27,Delta Air Lines Inc.,New York,NY,Boston,MA,1059,1231.0,92.0,68,85.0,39.0,184,109.0,0,0
3445,2015-8-25,Southwest Airlines Co.,Phoenix,AZ,Chicago,IL,1855,2050.0,115.0,195,189.0,175.0,1444,109.0,0,0
3751,2015-12-15,Southwest Airlines Co.,Chicago,IL,Louisville,KY,2210,3.0,113.0,70,66.0,50.0,271,109.0,0,0
1910,2015-6-30,Delta Air Lines Inc.,Houston,TX,Atlanta,GA,1345,1422.0,37.0,134,205.0,91.0,689,108.0,0,0
3184,2015-3-16,Southwest Airlines Co.,Boston,MA,Atlanta,GA,540,812.0,152.0,190,146.0,116.0,946,108.0,0,0
3365,2015-5-19,Southwest Airlines Co.,Houston,TX,Arlington,VA,1605,1759.0,114.0,175,169.0,155.0,1218,108.0,0,0
3051,2015-4-14,Southwest Airlines Co.,Las Vegas,NV,Los Angeles,CA,1920,2044.0,84.0,65,88.0,41.0,236,107.0,0,0
4243,2015-12-14,United Air Lines Inc.,Seattle,WA,San Francisco,CA,710,932.0,142.0,145,110.0,89.0,679,107.0,0,0
12,2015-4-13,Skywest Airlines Inc.,Omaha,NE,Seattle,WA,1615,1803.0,108.0,213,211.0,195.0,1368,106.0,0,0
1746,2015-8-10,American Airlines Inc.,Chicago,IL,Dallas-Fort Worth,TX,2215,15.0,120.0,152,138.0,118.0,802,106.0,0,0
3079,2015-11-10,Delta Air Lines Inc.,Atlanta,GA,Albuquerque,NM,1959,2158.0,119.0,215,202.0,183.0,1269,106.0,0,0
1708,2015-7-15,United Air Lines Inc.,Chicago,IL,Denver,CO,1930,2143.0,133.0,167,139.0,123.0,888,105.0,0,0
2734,2015-12-27,Southwest Airlines Co.,Dallas,TX,Orlando,FL,1350,1516.0,86.0,145,164.0,143.0,973,105.0,0,0
1086,2015-2-26,Skywest Airlines Inc.,San Francisco,CA,Monterey,CA,1015,1153.0,98.0,45,51.0,24.0,77,104.0,0,0
3242,2015-5-29,Skywest Airlines Inc.,Oklahoma City,OK,Los Angeles,CA,1636,1829.0,113.0,194,185.0,159.0,1187,104.0,0,0
200,2015-8-6,Southwest Airlines Co.,Albuquerque,NM,Oakland,CA,1855,2048.0,113.0,145,135.0,122.0,889,103.0,0,0
576,2015-11-17,United Air Lines Inc.,Portland,OR,Houston,TX,1225,1407.0,102.0,238,239.0,207.0,1825,103.0,0,0
866,2015-8-22,Southwest Airlines Co.,Atlanta,GA,West Palm Beach,FL,1140,1334.0,114.0,110,99.0,83.0,545,103.0,0,0
1355,2015-2-25,Atlantic Southeast Airlines,Knoxville,TN,Atlanta,GA,1619,1754.0,95.0,60,68.0,43.0,152,103.0,0,0
4142,2015-3-2,Atlantic Southeast Airlines,Houston,TX,Corpus Christi,TX,1747,1915.0,88.0,63,78.0,45.0,201,103.0,0,0
836,2015-5-26,American Airlines Inc.,Dallas-Fort Worth,TX,Nashville,TN,840,1026.0,106.0,110,106.0,81.0,631,102.0,0,0
3502,2015-11-17,Southwest Airlines Co.,Nashville,TN,Chicago,IL,1215,1348.0,93.0,85,94.0,78.0,395,102.0,0,0
1053,2015-3-5,United Air Lines Inc.,Boston,MA,Chicago,IL,1617,1750.0,93.0,167,175.0,159.0,867,101.0,0,0
3631,2015-6-11,Southwest Airlines Co.,Minneapolis,MN,Denver,CO,2030,2144.0,74.0,125,152.0,111.0,680,101.0,0,0
105,2015-3-11,Skywest Airlines Inc.,Chicago,IL,San Antonio,TX,1530,1722.0,112.0,184,172.0,138.0,1041,100.0,0,0
3548,2015-5-23,American Airlines Inc.,Dallas-Fort Worth,TX,Atlanta,GA,2020,2212.0,112.0,137,125.0,97.0,731,100.0,0,0
43,2015-8-31,Southwest Airlines Co.,Denver,CO,Las Vegas,NV,1535,1619.0,44.0,115,170.0,101.0,628,99.0,0,0
2564,2015-5-18,United Air Lines Inc.,Houston,TX,New York,NY,1705,1837.0,92.0,221,228.0,191.0,1416,99.0,0,0
2848,2015-2-25,Skywest Airlines Inc.,Wichita,KS,Chicago,IL,1857,1952.0,55.0,123,167.0,85.0,588,99.0,0,0
3850,2015-7-23,Southwest Airlines Co.,Akron,OH,Atlanta,GA,1840,2026.0,106.0,105,97.0,76.0,528,98.0,0,0
924,2015-6-23,American Airlines Inc.,Chicago,IL,Arlington,VA,1840,2038.0,118.0,127,106.0,82.0,612,97.0,0,0
3246,2015-9-14,Delta Air Lines Inc.,Minneapolis,MN,Los Angeles,CA,1419,1608.0,109.0,236,224.0,204.0,1535,97.0,0,0
4280,2015-2-13,Delta Air Lines Inc.,Detroit,MI,Salt Lake City,UT,1905,2038.0,93.0,241,245.0,205.0,1481,97.0,0,0
1609,2015-11-11,Southwest Airlines Co.,Ft. Lauderdale,FL,Dallas,TX,1840,2005.0,85.0,190,201.0,159.0,1108,96.0,0,0
3775,2015-1-12,Skywest Airlines Inc.,Eugene,OR,Denver,CO,1523,1709.0,106.0,163,152.0,132.0,996,95.0,0,0
3885,2015-1-9,Delta Air Lines Inc.,Boston,MA,New York,NY,1000,1106.0,66.0,77,106.0,50.0,184,95.0,0,0
2084,2015-6-30,Atlantic Southeast Airlines,Newark,NJ,St Louis,MO,2022,2203.0,101.0,157,150.0,126.0,872,94.0,0,0
3123,2015-12-14,Skywest Airlines Inc.,Memphis,TN,Minneapolis,MN,1156,1400.0,124.0,141,110.0,97.0,700,93.0,0,0
1953,2015-11-17,Southwest Airlines Co.,Dallas,TX,Las Vegas,NV,2010,2153.0,103.0,180,169.0,149.0,1067,92.0,0,0
1390,2015-5-9,Delta Air Lines Inc.,Baltimore,MD,Atlanta,GA,730,913.0,103.0,113,101.0,77.0,577,91.0,0,0
2637,2015-12-30,Delta Air Lines Inc.,Atlanta,GA,Arlington,VA,1920,2100.0,100.0,105,95.0,72.0,547,90.0,0,0
2796,2015-2-25,United Air Lines Inc.,Boston,MA,Houston,TX,819,909.0,50.0,274,314.0,249.0,1597,90.0,0,0
3827,2015-9-27,American Airlines Inc.,Charlotte,NC,New York,NY,2209,2345.0,96.0,105,99.0,74.0,541,90.0,0,0
3883,2015-4-8,Atlantic Southeast Airlines,Providence,RI,Chicago,IL,1632,1730.0,58.0,158,190.0,151.0,849,90.0,0,0
2813,2015-3-3,American Airlines Inc.,Newark,NJ,Dallas-Fort Worth,TX,1844,1946.0,62.0,250,276.0,218.0,1372,88.0,0,0
3221,2015-5-11,Atlantic Southeast Airlines,Grand Rapids,MI,Newark,NJ,2016,2156.0,100.0,117,105.0,90.0,605,88.0,0,0
3360,2015-7-8,United Air Lines Inc.,Chicago,IL,San Antonio,TX,2052,2227.0,95.0,167,160.0,138.0,1041,88.0,0,0
3731,2015-11-5,Delta Air Lines Inc.,Minneapolis,MN,Boston,MA,1920,2007.0,47.0,166,207.0,132.0,1124,88.0,0,0
191,2015-4-29,Southwest Airlines Co.,Milwaukee,WI,Arlington,VA,1405,1540.0,95.0,110,102.0,86.0,634,87.0,0,0
475,2015-8-15,Southwest Airlines Co.,Phoenix,AZ,Omaha,NE,1730,1901.0,91.0,145,141.0,128.0,1037,87.0,0,0
1024,2015-6-11,Southwest Airlines Co.,Los Angeles,CA,Oakland,CA,1845,2016.0,91.0,70,66.0,55.0,337,87.0,0,0
1520,2015-2-3,Delta Air Lines Inc.,New York,NY,Atlanta,GA,1759,1943.0,104.0,175,158.0,120.0,762,87.0,0,0
2494,2015-5-22,American Airlines Inc.,Los Angeles,CA,Chicago,IL,1445,1646.0,121.0,252,218.0,197.0,1744,87.0,0,0
3669,2015-1-12,Atlantic Southeast Airlines,Detroit,MI,Rochester,NY,748,855.0,67.0,84,104.0,46.0,296,87.0,0,0
3691,2015-2-4,Skywest Airlines Inc.,Eugene,OR,San Francisco,CA,1335,1508.0,93.0,95,89.0,72.0,451,87.0,0,0
461,2015-7-22,Atlantic Southeast Airlines,Appleton,WI,Chicago,IL,1908,2030.0,82.0,62,66.0,36.0,160,86.0,0,0
484,2015-2-18,Delta Air Lines Inc.,Orlando,FL,Boston,MA,1859,2041.0,102.0,165,149.0,120.0,1121,86.0,0,0
1403,2015-2-28,Atlantic Southeast Airlines,Lexington,KY,Atlanta,GA,900,1039.0,99.0,87,74.0,57.0,304,86.0,0,0
1623,2015-11-24,United Air Lines Inc.,Houston,TX,Dallas-Fort Worth,TX,2115,2251.0,96.0,68,58.0,40.0,224,86.0,0,0
3735,2015-8-12,Skywest Airlines Inc.,Chicago,IL,Cleveland,OH,648,817.0,89.0,77,74.0,55.0,315,86.0,0,0
954,2015-7-20,United Air Lines Inc.,New York,NY,San Francisco,CA,600,721.0,81.0,378,382.0,352.0,2586,85.0,0,0
1095,2015-3-14,Atlantic Southeast Airlines,Atlanta,GA,Newark,NJ,1741,1911.0,90.0,139,134.0,99.0,746,85.0,0,0
4010,2015-9-23,United Air Lines Inc.,Chicago,IL,Boston,MA,1747,1916.0,89.0,145,141.0,112.0,867,85.0,0,0
38,2015-4-10,Southwest Airlines Co.,Ft. Lauderdale,FL,Raleigh,NC,1645,1804.0,79.0,125,130.0,105.0,680,84.0,0,0
1970,2015-2-22,Delta Air Lines Inc.,Boston,MA,New York,NY,800,901.0,61.0,78,101.0,45.0,184,84.0,0,0
2312,2015-6-24,Southwest Airlines Co.,Atlanta,GA,Austin,TX,2110,2236.0,86.0,135,133.0,111.0,813,84.0,0,0
2635,2015-3-7,Atlantic Southeast Airlines,Erie,PA,Detroit,MI,1335,1509.0,94.0,67,57.0,34.0,164,84.0,0,0
3682,2015-12-30,Atlantic Southeast Airlines,Baton Rouge,LA,Dallas-Fort Worth,TX,1539,1649.0,70.0,98,112.0,66.0,383,84.0,0,0
1990,2015-8-17,American Airlines Inc.,Orlando,FL,Miami,FL,1630,1755.0,85.0,70,68.0,46.0,192,83.0,0,0
3828,2015-9-22,Skywest Airlines Inc.,Houston,TX,Ontario,CA,918,1057.0,99.0,206,190.0,169.0,1334,83.0,0,0
47,2015-3-30,Southwest Airlines Co.,Atlanta,GA,New York,NY,1920,2042.0,82.0,125,125.0,106.0,762,82.0,0,0
2228,2015-5-30,Atlantic Southeast Airlines,Birmingham,AL,Houston,TX,1802,1937.0,95.0,117,104.0,83.0,562,82.0,0,0
3814,2015-8-20,American Airlines Inc.,Charlotte,NC,Pittsburgh,PA,1959,2118.0,79.0,80,83.0,53.0,366,82.0,0,0
151,2015-6-7,Atlantic Southeast Airlines,Columbus,OH,Detroit,MI,1916,2026.0,70.0,68,79.0,36.0,155,81.0,0,0
2859,2015-12-22,United Air Lines Inc.,Houston,TX,New Orleans,LA,1930,2106.0,96.0,75,60.0,42.0,305,81.0,0,0
3535,2015-7-30,Delta Air Lines Inc.,Atlanta,GA,Sarasota,FL,1834,1945.0,71.0,97,107.0,64.0,444,81.0,0,0
182,2015-3-2,American Airlines Inc.,Dallas-Fort Worth,TX,Orlando,FL,1200,1322.0,82.0,144,142.0,119.0,985,80.0,0,0
257,2015-12-25,Delta Air Lines Inc.,Minneapolis,MN,New Orleans,LA,930,1054.0,84.0,168,164.0,149.0,1039,80.0,0,0
1951,2015-6-18,Southwest Airlines Co.,Orlando,FL,Albany,NY,2020,2141.0,81.0,160,159.0,146.0,1073,80.0,0,0
3165,2015-8-23,Delta Air Lines Inc.,Detroit,MI,Ft. Lauderdale,FL,2006,2138.0,92.0,184,172.0,150.0,1127,80.0,0,0
3841,2015-12-30,Delta Air Lines Inc.,West Palm Beach,FL,Atlanta,GA,1634,1809.0,95.0,116,101.0,84.0,545,80.0,0,0
116,2015-1-23,Skywest Airlines Inc.,Bismarck,ND,Denver,CO,1732,1849.0,77.0,99,101.0,77.0,516,79.0,0,0
2066,2015-2-26,Southwest Airlines Co.,Orlando,FL,Chicago,IL,1705,1707.0,2.0,175,252.0,138.0,990,79.0,0,0
2715,2015-7-26,Southwest Airlines Co.,Los Angeles,CA,Sacramento,CA,2015,2131.0,76.0,75,78.0,63.0,373,79.0,0,0
404,2015-5-14,Skywest Airlines Inc.,Denver,CO,Las Vegas,NV,2214,2352.0,98.0,117,97.0,83.0,628,78.0,0,0
2360,2015-4-19,Southwest Airlines Co.,Las Vegas,NV,Los Angeles,CA,1920,2006.0,46.0,65,97.0,41.0,236,78.0,0,0
2999,2015-6-9,American Airlines Inc.,Miami,FL,Houston,TX,1415,1512.0,57.0,161,182.0,134.0,964,78.0,0,0
3295,2015-11-17,United Air Lines Inc.,Houston,TX,Tampa,FL,1929,2028.0,59.0,129,147.0,115.0,787,77.0,0,0
3374,2015-4-13,Southwest Airlines Co.,Los Angeles,CA,Salt Lake City,UT,1825,1943.0,78.0,100,99.0,85.0,590,77.0,0,0
4254,2015-7-5,Delta Air Lines Inc.,Atlanta,GA,Raleigh,NC,2305,35.0,90.0,81,68.0,51.0,356,77.0,0,0
809,2015-9-6,Southwest Airlines Co.,Seattle,WA,Denver,CO,1840,2003.0,83.0,155,148.0,127.0,1024,76.0,0,0
2498,2015-4-10,Southwest Airlines Co.,New York,NY,Milwaukee,WI,1855,2034.0,99.0,150,127.0,108.0,738,76.0,0,0
1887,2015-12-20,American Airlines Inc.,San Jose,CA,Phoenix,AZ,1917,2033.0,76.0,103,102.0,78.0,621,75.0,0,0
1187,2015-7-18,Southwest Airlines Co.,Orlando,FL,Baltimore,MD,2100,2227.0,87.0,140,127.0,108.0,787,74.0,0,0
2645,2015-4-11,United Air Lines Inc.,New York,NY,Houston,TX,855,1021.0,86.0,236,224.0,193.0,1416,74.0,0,0
3048,2015-7-17,Delta Air Lines Inc.,Houston,TX,Atlanta,GA,1004,1130.0,86.0,125,113.0,92.0,696,74.0,0,0
3284,2015-2-3,Southwest Airlines Co.,Orlando,FL,Louisville,KY,1000,1110.0,70.0,125,129.0,109.0,719,74.0,0,0
2116,2015-7-3,Southwest Airlines Co.,Santa Ana,CA,Las Vegas,NV,745,905.0,80.0,70,63.0,47.0,226,73.0,0,0
3511,2015-8-9,United Air Lines Inc.,Cleveland,OH,Chicago,IL,750,921.0,91.0,85,67.0,49.0,315,73.0,0,0
1276,2015-7-18,Southwest Airlines Co.,Denver,CO,Houston,TX,1855,2022.0,87.0,140,125.0,111.0,883,72.0,0,0
1790,2015-2-26,American Airlines Inc.,Chicago,IL,Dallas-Fort Worth,TX,1626,1744.0,78.0,154,147.0,129.0,802,71.0,0,0
3811,2015-5-15,Delta Air Lines Inc.,Atlanta,GA,Tampa,FL,825,940.0,75.0,78,74.0,60.0,406,71.0,0,0
4046,2015-5-30,American Airlines Inc.,Houston,TX,Dallas-Fort Worth,TX,1605,1656.0,51.0,80,100.0,40.0,224,71.0,0,0
30,2015-3-5,United Air Lines Inc.,Chantilly,VA,San Francisco,CA,1400,1442.0,42.0,365,393.0,322.0,2419,70.0,0,0
189,2015-5-27,Atlantic Southeast Airlines,Green Bay,WI,Detroit,MI,1440,1558.0,78.0,75,67.0,49.0,287,70.0,0,0
993,2015-2-23,Southwest Airlines Co.,Oakland,CA,Los Angeles,CA,1215,1305.0,50.0,75,95.0,54.0,337,70.0,0,0
1472,2015-1-18,United Air Lines Inc.,Miami,FL,Chicago,IL,1350,1509.0,79.0,200,191.0,175.0,1197,70.0,0,0
1554,2015-8-19,Skywest Airlines Inc.,San Francisco,CA,Boise,ID,1055,1214.0,79.0,104,95.0,75.0,522,70.0,0,0
2412,2015-11-11,United Air Lines Inc.,New Orleans,LA,Denver,CO,831,952.0,81.0,177,166.0,146.0,1062,70.0,0,0
3561,2015-4-25,Southwest Airlines Co.,New Orleans,LA,Dallas,TX,1230,1314.0,44.0,85,111.0,68.0,436,70.0,0,0
3757,2015-5-12,American Airlines Inc.,Orlando,FL,Miami,FL,1905,2013.0,68.0,67,69.0,42.0,192,70.0,0,0
1004,2015-11-5,Southwest Airlines Co.,Chicago,IL,Los Angeles,CA,1220,1309.0,49.0,270,290.0,257.0,1750,69.0,0,0
1255,2015-11-5,American Airlines Inc.,Tucson,AZ,Dallas-Fort Worth,TX,1412,1530.0,78.0,133,124.0,98.0,813,69.0,0,0
1771,2015-6-30,Southwest Airlines Co.,Las Vegas,NV,San Jose,CA,2135,2257.0,82.0,80,67.0,53.0,386,69.0,0,0
2920,2015-6-29,Atlantic Southeast Airlines,Covington,KY,Chicago,IL,1743,1837.0,54.0,77,92.0,51.0,265,69.0,0,0
211,2015-8-17,United Air Lines Inc.,Chicago,IL,San Francisco,CA,1330,1352.0,22.0,276,322.0,266.0,1846,68.0,0,0
1017,2015-8-26,Southwest Airlines Co.,Nashville,TN,Orlando,FL,1945,2041.0,56.0,100,112.0,96.0,616,68.0,0,0
1890,2015-5-14,Skywest Airlines Inc.,Oklahoma City,OK,Minneapolis,MN,1626,1719.0,53.0,122,137.0,113.0,694,68.0,0,0
3482,2015-2-5,Skywest Airlines Inc.,Denver,CO,Tucson,AZ,2156,2316.0,80.0,122,110.0,90.0,639,68.0,0,0
4055,2015-1-18,American Airlines Inc.,San Francisco,CA,Los Angeles,CA,1442,1551.0,69.0,82,81.0,52.0,337,68.0,0,0
4275,2015-4-17,Skywest Airlines Inc.,Houston,TX,McAllen,TX,1430,1529.0,59.0,76,85.0,56.0,316,68.0,0,0
1999,2015-4-7,Skywest Airlines Inc.,Eugene,OR,San Francisco,CA,1251,1405.0,74.0,95,88.0,78.0,451,67.0,0,0
4017,2015-11-2,American Airlines Inc.,Dallas-Fort Worth,TX,Tucson,AZ,1200,1312.0,72.0,144,139.0,112.0,813,67.0,0,0
532,2015-9-27,United Air Lines Inc.,Newark,NJ,Los Angeles,CA,1915,2027.0,72.0,374,368.0,303.0,2454,66.0,0,0
1267,2015-11-6,American Airlines Inc.,Orlando,FL,Arlington,VA,710,704.0,-6.0,123,195.0,108.0,759,66.0,0,0
1998,2015-2-26,American Airlines Inc.,Minneapolis,MN,Chicago,IL,1201,1308.0,67.0,89,88.0,56.0,334,66.0,0,0
3127,2015-8-14,American Airlines Inc.,Chicago,IL,Boston,MA,2146,2138.0,-8.0,142,216.0,117.0,867,66.0,0,0
3878,2015-5-7,Delta Air Lines Inc.,Milwaukee,WI,Minneapolis,MN,1930,2023.0,53.0,74,87.0,70.0,297,66.0,0,0
4133,2015-6-26,United Air Lines Inc.,Chicago,IL,New Orleans,LA,1550,1649.0,59.0,140,147.0,108.0,837,66.0,0,0
4192,2015-9-9,Southwest Airlines Co.,Dallas,TX,Houston,TX,700,706.0,6.0,65,125.0,85.0,239,66.0,0,0
782,2015-7-20,Southwest Airlines Co.,Las Vegas,NV,Albany,NY,1740,1908.0,88.0,280,257.0,236.0,2237,65.0,0,0
3094,2015-4-26,Atlantic Southeast Airlines,Knoxville,TN,Atlanta,GA,939,1056.0,77.0,60,48.0,31.0,152,65.0,0,0
3277,2015-3-20,Southwest Airlines Co.,Dallas,TX,New York,NY,1740,1915.0,95.0,200,170.0,157.0,1381,65.0,0,0
3564,2015-3-2,Atlantic Southeast Airlines,Jacksonville,NC,Atlanta,GA,600,658.0,58.0,94,101.0,67.0,399,65.0,0,0
4076,2015-11-9,United Air Lines Inc.,Newark,NJ,San Diego,CA,2015,2134.0,79.0,377,363.0,346.0,2425,65.0,0,0
336,2015-4-7,American Airlines Inc.,San Juan,PR,Chicago,IL,1510,1542.0,32.0,308,340.0,319.0,2072,64.0,0,0
1339,2015-11-20,Atlantic Southeast Airlines,Atlanta,GA,White Plains,NY,1217,1339.0,82.0,133,115.0,99.0,780,64.0,0,0
1858,2015-1-6,Southwest Airlines Co.,Nashville,TN,New Orleans,LA,820,928.0,68.0,95,91.0,71.0,471,64.0,0,0
1935,2015-12-14,United Air Lines Inc.,Denver,CO,Los Angeles,CA,1520,1646.0,86.0,156,134.0,115.0,862,64.0,0,0
3886,2015-8-17,Southwest Airlines Co.,Nashville,TN,Dallas,TX,710,840.0,90.0,120,94.0,82.0,623,64.0,0,0
1780,2015-1-10,Atlantic Southeast Airlines,Atlanta,GA,Knoxville,TN,815,926.0,71.0,49,41.0,28.0,152,63.0,0,0
3204,2015-11-21,United Air Lines Inc.,Chicago,IL,Honolulu,HI,915,926.0,11.0,558,610.0,524.0,4243,63.0,0,0
4038,2015-3-6,Southwest Airlines Co.,Chicago,IL,Cleveland,OH,1815,1926.0,71.0,75,67.0,48.0,307,63.0,0,0
2292,2015-3-20,Delta Air Lines Inc.,Detroit,MI,Boston,MA,2145,2253.0,68.0,107,101.0,78.0,632,62.0,0,0
2825,2015-4-15,Delta Air Lines Inc.,New Orleans,LA,Minneapolis,MN,1555,1704.0,69.0,164,157.0,138.0,1039,62.0,0,0
3824,2015-3-15,Delta Air Lines Inc.,Orlando,FL,Los Angeles,CA,1832,1935.0,63.0,346,345.0,268.0,2218,62.0,0,0
1219,2015-3-5,Skywest Airlines Inc.,Minneapolis,MN,Brainerd,MN,2142,2251.0,69.0,56,48.0,29.0,114,61.0,0,0
1524,2015-2-14,Skywest Airlines Inc.,Eugene,OR,San Francisco,CA,1046,1153.0,67.0,91,85.0,72.0,451,61.0,0,0
2012,2015-1-8,United Air Lines Inc.,Newark,NJ,Charlotte Amalie,VI,850,1006.0,76.0,250,235.0,204.0,1634,61.0,0,0
3467,2015-4-12,Skywest Airlines Inc.,Houston,TX,Ontario,CA,1740,1830.0,50.0,207,218.0,191.0,1334,61.0,0,0
3491,2015-6-21,American Airlines Inc.,San Juan,PR,Miami,FL,1440,1553.0,73.0,166,154.0,130.0,1045,61.0,0,0
3732,2015-11-12,Delta Air Lines Inc.,Detroit,MI,New York,NY,737,840.0,63.0,113,110.0,73.0,502,60.0,0,0
376,2015-8-20,Atlantic Southeast Airlines,Chicago,IL,Richmond,VA,2052,2150.0,58.0,115,116.0,86.0,642,59.0,0,0
796,2015-3-3,American Airlines Inc.,McAllen,TX,Dallas-Fort Worth,TX,1522,1628.0,66.0,98,91.0,72.0,469,59.0,0,0
1933,2015-6-25,Skywest Airlines Inc.,Cedar Rapids,IA,Denver,CO,2020,2109.0,49.0,126,136.0,108.0,692,59.0,0,0
3659,2015-12-27,United Air Lines Inc.,Bozeman,MT,Newark,NJ,1300,1352.0,52.0,250,257.0,229.0,1882,59.0,0,0
331,2015-7-8,American Airlines Inc.,Dallas-Fort Worth,TX,San Antonio,TX,819,921.0,62.0,62,58.0,47.0,247,58.0,0,0
411,2015-7-2,Southwest Airlines Co.,San Jose,CA,Los Angeles,CA,2145,2240.0,55.0,70,73.0,56.0,308,58.0,0,0
852,2015-4-26,Skywest Airlines Inc.,Dallas-Fort Worth,TX,Chicago,IL,2015,2051.0,36.0,139,161.0,110.0,802,58.0,0,0
1091,2015-9-5,Atlantic Southeast Airlines,Chicago,IL,Des Moines,IA,1555,1713.0,78.0,80,60.0,44.0,299,58.0,0,0
3356,2015-12-23,Southwest Airlines Co.,Las Vegas,NV,Kansas City,MO,2115,2230.0,75.0,155,138.0,124.0,1139,58.0,0,0
3508,2015-1-6,United Air Lines Inc.,Houston,TX,New York,NY,1305,1353.0,48.0,204,214.0,169.0,1416,58.0,0,0
3727,2015-5-27,Atlantic Southeast Airlines,Dallas-Fort Worth,TX,Greensboro,NC,1440,1529.0,49.0,151,160.0,132.0,999,58.0,0,0
380,2015-7-21,Atlantic Southeast Airlines,Atlanta,GA,Lincoln,NE,1943,2058.0,75.0,149,131.0,112.0,841,57.0,0,0
1223,2015-9-18,Southwest Airlines Co.,Greer,SC,Baltimore,MD,1925,2029.0,64.0,90,83.0,66.0,426,57.0,0,0
1283,2015-2-16,American Airlines Inc.,New York,NY,Miami,FL,1355,1511.0,76.0,203,184.0,154.0,1096,57.0,0,0
1424,2015-3-8,Southwest Airlines Co.,Oakland,CA,Boise,ID,1935,2035.0,60.0,85,82.0,69.0,511,57.0,0,0
2212,2015-8-11,Southwest Airlines Co.,Orlando,FL,Islip,NY,2045,2146.0,61.0,150,146.0,127.0,971,57.0,0,0
3754,2015-5-18,Skywest Airlines Inc.,Austin,TX,Los Angeles,CA,535,625.0,50.0,207,214.0,172.0,1242,57.0,0,0
1190,2015-9-10,Skywest Airlines Inc.,Los Angeles,CA,Colorado Springs,CO,1755,1842.0,47.0,133,142.0,115.0,833,56.0,0,0
1531,2015-5-15,United Air Lines Inc.,Los Angeles,CA,Houston,TX,1250,1346.0,56.0,195,195.0,163.0,1379,56.0,0,0
2072,2015-7-21,Southwest Airlines Co.,Houston,TX,Orlando,FL,2010,2107.0,57.0,135,134.0,117.0,849,56.0,0,0
2946,2015-5-20,Atlantic Southeast Airlines,Indianapolis,IN,Newark,NJ,1736,1840.0,64.0,121,113.0,87.0,645,56.0,0,0
3877,2015-2-15,American Airlines Inc.,Los Angeles,CA,New York,NY,2330,38.0,68.0,321,309.0,279.0,2475,56.0,0,0
4073,2015-3-9,United Air Lines Inc.,Chicago,IL,Cleveland,OH,1722,1832.0,70.0,78,64.0,43.0,315,56.0,0,0
6,2015-2-4,Skywest Airlines Inc.,Fargo,ND,Denver,CO,1712,1805.0,53.0,123,125.0,95.0,627,55.0,0,0
258,2015-12-22,United Air Lines Inc.,Chicago,IL,Bozeman,MT,1917,2041.0,84.0,214,185.0,166.0,1186,55.0,0,0
1118,2015-5-27,Atlantic Southeast Airlines,Newark,NJ,Richmond,VA,2055,2158.0,63.0,86,78.0,50.0,277,55.0,0,0
1240,2015-2-16,Southwest Airlines Co.,Houston,TX,Baltimore,MD,1940,2042.0,62.0,165,158.0,132.0,1246,55.0,0,0
2287,2015-7-21,United Air Lines Inc.,Las Vegas,NV,Newark,NJ,2341,108.0,87.0,290,258.0,238.0,2227,55.0,0,0
2469,2015-11-15,American Airlines Inc.,Santa Ana,CA,Dallas-Fort Worth,TX,1600,1609.0,9.0,172,218.0,135.0,1205,55.0,0,0
4283,2015-12-31,Southwest Airlines Co.,Denver,CO,Las Vegas,NV,1300,1356.0,56.0,115,114.0,93.0,628,55.0,0,0
688,2015-12-27,United Air Lines Inc.,Los Angeles,CA,Denver,CO,1759,1912.0,73.0,143,124.0,108.0,862,54.0,0,0
2172,2015-12-18,Atlantic Southeast Airlines,Atlanta,GA,Mobile,AL,1910,2023.0,73.0,84,65.0,50.0,302,54.0,0,0
2450,2015-7-23,Southwest Airlines Co.,Los Angeles,CA,Phoenix,AZ,1315,1402.0,47.0,80,87.0,58.0,370,54.0,0,0
3028,2015-7-28,Southwest Airlines Co.,Orlando,FL,Baltimore,MD,1820,1835.0,15.0,140,179.0,148.0,787,54.0,0,0
3247,2015-7-31,Southwest Airlines Co.,Phoenix,AZ,Albuquerque,NM,2115,2212.0,57.0,65,62.0,45.0,328,54.0,0,0
3595,2015-7-14,Skywest Airlines Inc.,Eugene,OR,San Francisco,CA,1253,1354.0,61.0,100,93.0,69.0,451,54.0,0,0
4085,2015-1-5,Delta Air Lines Inc.,New York,NY,Minneapolis,MN,1630,1712.0,42.0,211,223.0,168.0,1020,54.0,0,0
70,2015-12-18,United Air Lines Inc.,New York,NY,Chicago,IL,1800,1913.0,73.0,169,149.0,110.0,733,53.0,0,0
268,2015-9-3,United Air Lines Inc.,Chicago,IL,Tampa,FL,1820,1842.0,22.0,160,191.0,125.0,1012,53.0,0,0
563,2015-4-16,Skywest Airlines Inc.,Denver,CO,Salt Lake City,UT,800,835.0,35.0,91,109.0,58.0,391,53.0,0,0
1324,2015-1-3,Atlantic Southeast Airlines,Denver,CO,Lubbock,TX,1104,1140.0,36.0,87,104.0,66.0,456,53.0,0,0
1905,2015-5-25,Atlantic Southeast Airlines,Atlanta,GA,Moline,IL,2116,2200.0,44.0,112,121.0,92.0,633,53.0,0,0
2861,2015-2-13,Skywest Airlines Inc.,Milwaukee,WI,Chicago,IL,1456,1550.0,54.0,54,53.0,23.0,67,53.0,0,0
2969,2015-7-11,Skywest Airlines Inc.,Chicago,IL,Asheville,NC,700,808.0,68.0,111,96.0,73.0,536,53.0,0,0
3007,2015-11-17,United Air Lines Inc.,Billings,MT,Denver,CO,730,816.0,46.0,90,97.0,66.0,455,53.0,0,0
67,2015-8-4,Delta Air Lines Inc.,Atlanta,GA,Columbus,OH,1620,1725.0,65.0,101,88.0,71.0,447,52.0,0,0
262,2015-2-21,Skywest Airlines Inc.,Tucson,AZ,Los Angeles,CA,1506,1559.0,53.0,100,99.0,72.0,451,52.0,0,0
574,2015-6-10,Delta Air Lines Inc.,Orlando,FL,Minneapolis,MN,1416,1530.0,74.0,208,186.0,165.0,1310,52.0,0,0
621,2015-3-4,Skywest Airlines Inc.,Boston,MA,Chicago,IL,1002,958.0,-4.0,175,231.0,177.0,867,52.0,0,0
663,2015-12-17,American Airlines Inc.,Dallas-Fort Worth,TX,Salt Lake City,UT,1640,1707.0,27.0,171,196.0,166.0,989,52.0,0,0
1116,2015-5-4,Southwest Airlines Co.,Sacramento,CA,San Diego,CA,1035,1115.0,40.0,85,97.0,73.0,480,52.0,0,0
1436,2015-7-28,American Airlines Inc.,Dallas-Fort Worth,TX,Baltimore,MD,2030,2138.0,68.0,190,174.0,157.0,1217,52.0,0,0
3912,2015-6-8,Atlantic Southeast Airlines,Baton Rouge,LA,Atlanta,GA,830,921.0,51.0,90,91.0,74.0,448,52.0,0,0
652,2015-4-1,Southwest Airlines Co.,Chicago,IL,Los Angeles,CA,1935,2005.0,30.0,275,296.0,250.0,1750,51.0,0,0
940,2015-2-21,Southwest Airlines Co.,Las Vegas,NV,St Louis,MO,1735,1853.0,78.0,185,158.0,143.0,1371,51.0,0,0
946,2015-3-28,Atlantic Southeast Airlines,Albany,NY,Newark,NJ,1158,1218.0,20.0,62,93.0,43.0,143,51.0,0,0
1275,2015-1-1,Skywest Airlines Inc.,San Francisco,CA,Redding,CA,1825,1919.0,54.0,69,66.0,43.0,199,51.0,0,0
1422,2015-5-30,Atlantic Southeast Airlines,Longview,TX,Dallas-Fort Worth,TX,1015,1052.0,37.0,56,70.0,30.0,140,51.0,0,0
1794,2015-1-10,American Airlines Inc.,Dallas-Fort Worth,TX,Indianapolis,IN,1305,1400.0,55.0,119,115.0,98.0,761,51.0,0,0
3064,2015-7-19,Southwest Airlines Co.,Nashville,TN,Cleveland,OH,955,1048.0,53.0,85,83.0,66.0,448,51.0,0,0
3120,2015-7-8,American Airlines Inc.,Raleigh,NC,Los Angeles,CA,700,757.0,57.0,328,322.0,297.0,2239,51.0,0,0
3490,2015-8-9,American Airlines Inc.,Indianapolis,IN,Phoenix,AZ,1805,1906.0,61.0,223,213.0,195.0,1488,51.0,0,0
178,2015-12-30,Skywest Airlines Inc.,Detroit,MI,Covington,KY,1735,1820.0,45.0,76,81.0,44.0,229,50.0,0,0
789,2015-8-9,Southwest Airlines Co.,Boise,ID,Denver,CO,1445,1549.0,64.0,105,91.0,79.0,649,50.0,0,0
938,2015-12-30,Skywest Airlines Inc.,Omaha,NE,Salt Lake City,UT,1740,1828.0,48.0,159,161.0,129.0,840,50.0,0,0
1028,2015-5-19,Atlantic Southeast Airlines,Tyler,TX,Houston,TX,1257,1327.0,30.0,62,82.0,50.0,163,50.0,0,0
1332,2015-7-19,Delta Air Lines Inc.,Atlanta,GA,Greer,SC,1659,1753.0,54.0,64,60.0,30.0,153,50.0,0,0
1602,2015-11-17,Southwest Airlines Co.,Dallas,TX,Oakland,CA,2105,2155.0,50.0,230,230.0,204.0,1468,50.0,0,0
2343,2015-5-27,United Air Lines Inc.,Albany,NY,Chicago,IL,1726,1806.0,40.0,141,151.0,108.0,723,50.0,0,0
3039,2015-7-20,Delta Air Lines Inc.,Atlanta,GA,Indianapolis,IN,2220,2302.0,42.0,95,103.0,76.0,432,50.0,0,0
3070,2015-12-29,American Airlines Inc.,Nashville,TN,Dallas-Fort Worth,TX,1645,1707.0,22.0,131,159.0,104.0,631,50.0,0,0
3603,2015-7-18,United Air Lines Inc.,Denver,CO,Chantilly,VA,1252,1338.0,46.0,206,210.0,178.0,1452,50.0,0,0
3738,2015-12-1,Skywest Airlines Inc.,Los Angeles,CA,Monterey,CA,1335,1419.0,44.0,74,80.0,44.0,266,50.0,0,0
3842,2015-1-19,Skywest Airlines Inc.,Louisville,KY,Chicago,IL,1050,1143.0,53.0,84,81.0,56.0,287,50.0,0,0
3848,2015-1-10,Atlantic Southeast Airlines,Chantilly,VA,Newark,NJ,1720,1829.0,69.0,85,66.0,45.0,212,50.0,0,0
4155,2015-7-23,Southwest Airlines Co.,Sacramento,CA,Los Angeles,CA,1320,1401.0,41.0,80,89.0,67.0,373,50.0,0,0
4335,2015-8-1,American Airlines Inc.,Phoenix,AZ,Ontario,CA,1945,2024.0,39.0,70,81.0,57.0,325,50.0,0,0
646,2015-5-14,Southwest Airlines Co.,Denver,CO,Tulsa,OK,2130,2141.0,11.0,95,133.0,72.0,541,49.0,0,0
1380,2015-5-18,Atlantic Southeast Airlines,Atlanta,GA,Mobile,AL,1900,1901.0,1.0,75,123.0,53.0,302,49.0,0,0
1512,2015-3-23,Atlantic Southeast Airlines,Lafayette,LA,Atlanta,GA,1058,1152.0,54.0,97,92.0,70.0,503,49.0,0,0
1677,2015-1-2,Skywest Airlines Inc.,Phoenix,AZ,Flagstaff,AZ,948,1043.0,55.0,52,46.0,25.0,119,49.0,0,0
2334,2015-7-16,American Airlines Inc.,Charlotte,NC,New York,NY,1825,1842.0,17.0,114,146.0,78.0,544,49.0,0,0
2364,2015-1-14,Southwest Airlines Co.,Denver,CO,Salt Lake City,UT,2105,2156.0,51.0,90,88.0,63.0,391,49.0,0,0
3241,2015-5-13,Southwest Airlines Co.,Austin,TX,Chicago,IL,1235,1335.0,60.0,150,139.0,125.0,972,49.0,0,0
4051,2015-9-2,Skywest Airlines Inc.,Chicago,IL,Milwaukee,WI,1424,1523.0,59.0,46,36.0,16.0,67,49.0,0,0
528,2015-2-26,Skywest Airlines Inc.,Houston,TX,Boise,ID,1745,1824.0,39.0,233,242.0,208.0,1482,48.0,0,0
738,2015-7-20,Atlantic Southeast Airlines,Chattanooga,TN,Atlanta,GA,1500,1557.0,57.0,59,50.0,27.0,106,48.0,0,0
906,2015-11-19,Delta Air Lines Inc.,Atlanta,GA,Jacksonville,FL,1130,1223.0,53.0,69,64.0,48.0,270,48.0,0,0
1048,2015-7-29,Atlantic Southeast Airlines,Chicago,IL,Detroit,MI,1835,1937.0,62.0,72,58.0,40.0,228,48.0,0,0
1684,2015-6-16,United Air Lines Inc.,Chicago,IL,Houston,TX,1550,1618.0,28.0,162,182.0,154.0,925,48.0,0,0
3539,2015-6-30,Delta Air Lines Inc.,New York,NY,Tampa,FL,1910,1944.0,34.0,192,206.0,146.0,1005,48.0,0,0
394,2015-2-21,Southwest Airlines Co.,St Louis,MO,Detroit,MI,1735,1829.0,54.0,90,83.0,63.0,440,47.0,0,0
457,2015-6-10,Atlantic Southeast Airlines,Pittsburgh,PA,Chicago,IL,1919,1923.0,4.0,95,138.0,81.0,413,47.0,0,0
1495,2015-8-13,Skywest Airlines Inc.,Billings,MT,Denver,CO,1733,1727.0,-6.0,92,145.0,64.0,455,47.0,0,0
3311,2015-5-11,Southwest Airlines Co.,Atlanta,GA,Baltimore,MD,945,1031.0,46.0,110,111.0,88.0,577,47.0,0,0
3577,2015-9-26,Skywest Airlines Inc.,Fresno,CA,Los Angeles,CA,750,853.0,63.0,77,61.0,44.0,209,47.0,0,0
3829,2015-7-18,Skywest Airlines Inc.,Chicago,IL,Indianapolis,IN,946,1023.0,37.0,64,74.0,30.0,177,47.0,0,0
4159,2015-7-14,Southwest Airlines Co.,Las Vegas,NV,Atlanta,GA,1755,1853.0,58.0,235,224.0,209.0,1747,47.0,0,0
4332,2015-9-19,American Airlines Inc.,Chicago,IL,Las Vegas,NV,1705,1804.0,59.0,245,233.0,208.0,1514,47.0,0,0
65,2015-8-16,Atlantic Southeast Airlines,Chicago,IL,Portland,ME,1347,1413.0,26.0,145,165.0,120.0,900,46.0,0,0
603,2015-5-7,American Airlines Inc.,Boston,MA,Los Angeles,CA,1635,1634.0,-1.0,382,429.0,384.0,2611,46.0,0,0
649,2015-3-1,United Air Lines Inc.,Columbus,OH,Chicago,IL,820,843.0,23.0,90,113.0,55.0,296,46.0,0,0
1549,2015-8-12,Southwest Airlines Co.,Austin,TX,Baltimore,MD,1620,1709.0,49.0,195,192.0,178.0,1342,46.0,0,0
2878,2015-1-16,Atlantic Southeast Airlines,New York,NY,Charleston,SC,1951,2102.0,71.0,150,125.0,85.0,641,46.0,0,0
3834,2015-2-8,Skywest Airlines Inc.,Santa Barbara,CA,San Francisco,CA,1535,1615.0,40.0,70,76.0,55.0,262,46.0,0,0
4224,2015-1-4,Delta Air Lines Inc.,Chicago,IL,Atlanta,GA,1118,1121.0,3.0,116,159.0,100.0,591,46.0,0,0
244,2015-7-21,Delta Air Lines Inc.,New York,NY,Tampa,FL,1910,1905.0,-5.0,196,246.0,136.0,1005,45.0,0,0
290,2015-7-7,American Airlines Inc.,Miami,FL,Atlanta,GA,659,757.0,58.0,117,104.0,80.0,594,45.0,0,0
877,2015-5-29,United Air Lines Inc.,New York,NY,Chicago,IL,1230,1250.0,20.0,158,183.0,106.0,733,45.0,0,0
1673,2015-5-15,Southwest Airlines Co.,Las Vegas,NV,Phoenix,AZ,1540,1625.0,45.0,65,65.0,48.0,255,45.0,0,0
2142,2015-2-23,Atlantic Southeast Airlines,Atlanta,GA,Mobile,AL,1859,1955.0,56.0,82,71.0,52.0,302,45.0,0,0
2452,2015-1-20,Skywest Airlines Inc.,Los Angeles,CA,Phoenix,AZ,1909,2002.0,53.0,84,76.0,54.0,370,45.0,0,0
2465,2015-6-11,American Airlines Inc.,Chicago,IL,Miami,FL,1320,1328.0,8.0,189,226.0,153.0,1197,45.0,0,0
2652,2015-3-26,Southwest Airlines Co.,Orlando,FL,Akron,OH,1900,1958.0,58.0,140,127.0,106.0,861,45.0,0,0
3521,2015-7-13,American Airlines Inc.,Portland,OR,Phoenix,AZ,2020,2115.0,55.0,157,147.0,134.0,1009,45.0,0,0
3549,2015-1-11,American Airlines Inc.,Los Angeles,CA,San Francisco,CA,1030,1048.0,18.0,83,110.0,74.0,337,45.0,0,0
1330,2015-2-15,American Airlines Inc.,Miami,FL,Arlington,VA,1950,2044.0,54.0,150,140.0,124.0,919,44.0,0,0
1414,2015-3-4,Southwest Airlines Co.,Baltimore,MD,Milwaukee,WI,2050,2132.0,42.0,130,132.0,110.0,641,44.0,0,0
2110,2015-11-23,Southwest Airlines Co.,Tulsa,OK,Houston,TX,1615,1705.0,50.0,95,89.0,73.0,453,44.0,0,0
157,2015-1-6,Southwest Airlines Co.,Nashville,TN,Chicago,IL,1715,1751.0,36.0,95,102.0,78.0,395,43.0,0,0
1362,2015-8-7,Southwest Airlines Co.,Dallas,TX,Phoenix,AZ,2035,2059.0,24.0,145,164.0,127.0,879,43.0,0,0
1459,2015-7-29,American Airlines Inc.,Los Angeles,CA,Pittsburgh,PA,1125,1208.0,43.0,278,278.0,248.0,2136,43.0,0,0
1917,2015-3-3,United Air Lines Inc.,Chicago,IL,Las Vegas,NV,810,832.0,22.0,241,262.0,232.0,1514,43.0,0,0
2053,2015-12-17,American Airlines Inc.,Miami,FL,Atlanta,GA,1915,2006.0,51.0,120,112.0,82.0,594,43.0,0,0
2413,2015-5-18,Skywest Airlines Inc.,San Diego,CA,San Francisco,CA,1907,1950.0,43.0,94,94.0,79.0,447,43.0,0,0
490,2015-12-28,Southwest Airlines Co.,Oakland,CA,Burbank,CA,1210,1257.0,47.0,65,60.0,47.0,325,42.0,0,0
1423,2015-2-20,Southwest Airlines Co.,San Jose,CA,Phoenix,AZ,2030,2121.0,51.0,105,96.0,84.0,621,42.0,0,0
1649,2015-7-13,Southwest Airlines Co.,Kansas City,MO,Oakland,CA,1110,1157.0,47.0,220,215.0,201.0,1489,42.0,0,0
2444,2015-9-15,Atlantic Southeast Airlines,Beaumont/Port Arthur,TX,Dallas-Fort Worth,TX,1100,1155.0,55.0,79,66.0,51.0,270,42.0,0,0
2515,2015-8-4,American Airlines Inc.,Dallas-Fort Worth,TX,El Paso,TX,1200,1302.0,62.0,107,87.0,72.0,551,42.0,0,0
2966,2015-1-7,Southwest Airlines Co.,Arlington,VA,Milwaukee,WI,1930,2020.0,50.0,130,122.0,98.0,634,42.0,0,0
3200,2015-1-5,Southwest Airlines Co.,Jacksonville,FL,Atlanta,GA,1735,1819.0,44.0,70,68.0,47.0,270,42.0,0,0
3312,2015-6-22,American Airlines Inc.,Chicago,IL,Tulsa,OK,2028,2102.0,34.0,119,127.0,98.0,585,42.0,0,0
4233,2015-12-17,American Airlines Inc.,Philadelphia,PA,Orlando,FL,1355,1447.0,52.0,155,145.0,124.0,861,42.0,0,0
395,2015-1-15,Southwest Airlines Co.,Baltimore,MD,Boston,MA,1730,1825.0,55.0,85,71.0,55.0,369,41.0,0,0
482,2015-5-6,Atlantic Southeast Airlines,Detroit,MI,Omaha,NE,836,940.0,64.0,126,103.0,86.0,651,41.0,0,0
923,2015-6-24,Southwest Airlines Co.,San Diego,CA,Baltimore,MD,1035,1134.0,59.0,305,287.0,274.0,2295,41.0,0,0
2596,2015-6-29,United Air Lines Inc.,Chicago,IL,Seattle,WA,1550,1632.0,42.0,270,269.0,230.0,1721,41.0,0,0
2845,2015-6-24,Delta Air Lines Inc.,Atlanta,GA,Chicago,IL,1050,1120.0,30.0,120,131.0,88.0,606,41.0,0,0
3349,2015-7-13,Atlantic Southeast Airlines,White Plains,NY,Atlanta,GA,1509,1553.0,44.0,136,133.0,101.0,780,41.0,0,0
3999,2015-6-24,American Airlines Inc.,Chicago,IL,Dallas-Fort Worth,TX,1531,1635.0,64.0,154,131.0,110.0,802,41.0,0,0
181,2015-1-26,Skywest Airlines Inc.,Springfield,IL,Chicago,IL,1311,1320.0,9.0,64,95.0,51.0,174,40.0,0,0
731,2015-6-18,United Air Lines Inc.,Arlington,VA,Chicago,IL,943,1007.0,24.0,123,139.0,91.0,612,40.0,0,0
1147,2015-9-20,Skywest Airlines Inc.,Salt Lake City,UT,Oklahoma City,OK,1416,1508.0,52.0,136,124.0,107.0,866,40.0,0,0
1481,2015-5-24,Atlantic Southeast Airlines,Greer,SC,Houston,TX,1448,1502.0,14.0,159,185.0,164.0,837,40.0,0,0
1901,2015-2-3,United Air Lines Inc.,San Francisco,CA,Kailua/Kona,HI,1722,1743.0,21.0,336,355.0,314.0,2367,40.0,0,0
2164,2015-4-26,Skywest Airlines Inc.,Chicago,IL,New Orleans,LA,1950,2040.0,50.0,142,132.0,113.0,837,40.0,0,0
2177,2015-5-21,United Air Lines Inc.,Newark,NJ,Phoenix,AZ,1850,1938.0,48.0,332,324.0,296.0,2133,40.0,0,0
2716,2015-8-10,Atlantic Southeast Airlines,Dayton,OH,Newark,NJ,1840,1923.0,43.0,105,102.0,90.0,533,40.0,0,0
3406,2015-6-14,Southwest Airlines Co.,Arlington,VA,Chicago,IL,1700,1713.0,13.0,120,147.0,110.0,601,40.0,0,0
1288,2015-4-15,United Air Lines Inc.,Atlanta,GA,Newark,NJ,2009,2006.0,-3.0,148,104.0,89.0,746,-47.0,0,0
3493,2015-4-4,United Air Lines Inc.,Newark,NJ,Charlotte Amalie,VI,700,651.0,-9.0,250,211.0,191.0,1634,-48.0,0,0
83,2015-8-6,American Airlines Inc.,Honolulu,HI,Dallas-Fort Worth,TX,1740,1733.0,-7.0,459,417.0,399.0,3784,-49.0,0,0
1977,2015-3-16,United Air Lines Inc.,Newark,NJ,Orlando,FL,1300,1255.0,-5.0,174,130.0,115.0,937,-49.0,0,0
3689,2015-11-28,American Airlines Inc.,San Diego,CA,Philadelphia,PA,835,828.0,-7.0,306,264.0,244.0,2370,-49.0,0,0
1468,2015-3-28,American Airlines Inc.,New York,NY,Dallas-Fort Worth,TX,1459,1451.0,-8.0,259,217.0,179.0,1389,-50.0,0,0
1183,2015-1-22,United Air Lines Inc.,Newark,NJ,Las Vegas,NV,1350,1345.0,-5.0,355,299.0,282.0,2227,-61.0,0,0
